{"cameraMode":{"drawMode":0,"name":"Shaded","section":"Shading Mode"},"sceneLighting":false,"audioPlay":false,"sceneViewState":{"showFog":true,"showMaterialUpdate":true,"showSkybox":false,"showFlares":true,"showImageEffects":true,"showParticleSystems":true},"in2DMode":false,"pivot":{"x":23.15999984741211,"y":-0.20999997854232789,"z":-4.019999980926514},"rotation":{"x":0.030548373237252237,"y":-0.06293287128210068,"z":0.0019261310808360577,"w":0.9975483417510986},"size":2.3531618118286135,"orthographic":false}