{"cameraMode":{"drawMode":0,"name":"Shaded","section":"Shading Mode"},"sceneLighting":false,"audioPlay":false,"sceneViewState":{"showFog":true,"showMaterialUpdate":true,"showSkybox":false,"showFlares":true,"showImageEffects":true,"showParticleSystems":true},"in2DMode":false,"pivot":{"x":-20.720478057861329,"y":-4.505374908447266,"z":-21.319307327270509},"rotation":{"x":-0.4739082455635071,"y":-0.29752594232559206,"z":0.1740049421787262,"w":-0.8103157877922058},"size":3.5828113555908205,"orthographic":false}