{"cameraMode":{"drawMode":0,"name":"Shaded","section":"Shading Mode"},"sceneLighting":true,"audioPlay":false,"sceneViewState":{"showFog":true,"showMaterialUpdate":true,"showSkybox":true,"showFlares":true,"showImageEffects":true,"showParticleSystems":true},"in2DMode":false,"pivot":{"x":1027.249755859375,"y":876.2392578125,"z":-555.9685668945313},"rotation":{"x":-0.1619102954864502,"y":-0.1313091218471527,"z":0.02174157276749611,"w":-0.9777884483337402},"size":127.81361389160156,"orthographic":false}