{"cameraMode":{"drawMode":0,"name":"Shaded","section":"Shading Mode"},"sceneLighting":false,"audioPlay":false,"sceneViewState":{"showFog":true,"showMaterialUpdate":true,"showSkybox":false,"showFlares":true,"showImageEffects":true,"showParticleSystems":true},"in2DMode":false,"pivot":{"x":2.9802322387695315e-8,"y":0.1750001311302185,"z":-5.960464477539063e-8},"rotation":{"x":0.0500929057598114,"y":0.0014939152169972659,"z":-0.00007604184793308377,"w":0.99874347448349},"size":3.1695470809936525,"orthographic":false}